-- MySQL Script generated by MySQL Workbench
-- Wed Sep 25 11:18:45 2019
-- Model: New Model    Version: 1.0
-- MySQL Workbench Forward Engineering

SET @OLD_UNIQUE_CHECKS=@@UNIQUE_CHECKS, UNIQUE_CHECKS=0;
SET @OLD_FOREIGN_KEY_CHECKS=@@FOREIGN_KEY_CHECKS, FOREIGN_KEY_CHECKS=0;
SET @OLD_SQL_MODE=@@SQL_MODE, SQL_MODE='ONLY_FULL_GROUP_BY,STRICT_TRANS_TABLES,NO_ZERO_IN_DATE,NO_ZERO_DATE,ERROR_FOR_DIVISION_BY_ZERO,NO_ENGINE_SUBSTITUTION';

-- -----------------------------------------------------
-- Schema blog_7
-- -----------------------------------------------------
DROP SCHEMA IF EXISTS `blog_7` ;

-- -----------------------------------------------------
-- Schema blog_7
-- -----------------------------------------------------
CREATE SCHEMA IF NOT EXISTS `blog_7` ;
USE `blog_7` ;

-- -----------------------------------------------------
-- Table `blog_7`.`users`
-- -----------------------------------------------------
DROP TABLE IF EXISTS `blog_7`.`users` ;

CREATE TABLE IF NOT EXISTS `blog_7`.`users` (
  `id` INT NOT NULL AUTO_INCREMENT,
  `active` TINYINT NULL DEFAULT NULL,
  `email` VARCHAR(60) NOT NULL,
  `password_hash` VARCHAR(255) NOT NULL,
  `name` VARCHAR(60) NOT NULL,
  `image` VARCHAR(20) NULL,
  `about` TEXT NULL,
  PRIMARY KEY (`id`),
  UNIQUE INDEX `login_UNIQUE` (`email` ASC))
ENGINE = InnoDB;


-- -----------------------------------------------------
-- Table `blog_7`.`groups`
-- -----------------------------------------------------
DROP TABLE IF EXISTS `blog_7`.`groups` ;

CREATE TABLE IF NOT EXISTS `blog_7`.`groups` (
  `id` INT NOT NULL AUTO_INCREMENT,
  `name` VARCHAR(50) NOT NULL,
  `description` TEXT NULL,
  PRIMARY KEY (`id`))
ENGINE = InnoDB;


-- -----------------------------------------------------
-- Table `blog_7`.`group_user`
-- -----------------------------------------------------
DROP TABLE IF EXISTS `blog_7`.`group_user` ;

CREATE TABLE IF NOT EXISTS `blog_7`.`group_user` (
  `user_id` INT NOT NULL,
  `group_id` INT NOT NULL,
  PRIMARY KEY (`user_id`, `group_id`),
  INDEX `fk_user_group_groups1_idx` (`group_id` ASC),
  CONSTRAINT `fk_user_group_users1`
    FOREIGN KEY (`user_id`)
    REFERENCES `blog_7`.`users` (`id`)
    ON DELETE CASCADE
    ON UPDATE CASCADE,
  CONSTRAINT `fk_user_group_groups1`
    FOREIGN KEY (`group_id`)
    REFERENCES `blog_7`.`groups` (`id`)
    ON DELETE CASCADE
    ON UPDATE CASCADE)
ENGINE = InnoDB;


-- -----------------------------------------------------
-- Table `blog_7`.`subscribers`
-- -----------------------------------------------------
DROP TABLE IF EXISTS `blog_7`.`subscribers` ;

CREATE TABLE IF NOT EXISTS `blog_7`.`subscribers` (
  `id` INT NOT NULL AUTO_INCREMENT,
  `active` TINYINT NULL DEFAULT NULL,
  `email` VARCHAR(60) NOT NULL,
  `hash` VARCHAR(45) NOT NULL,
  PRIMARY KEY (`id`),
  UNIQUE INDEX `email_UNIQUE` (`email` ASC))
ENGINE = InnoDB;


-- -----------------------------------------------------
-- Table `blog_7`.`articles`
-- -----------------------------------------------------
DROP TABLE IF EXISTS `blog_7`.`articles` ;

CREATE TABLE IF NOT EXISTS `blog_7`.`articles` (
  `id` INT NOT NULL AUTO_INCREMENT,
  `active` TINYINT NULL,
  `title` VARCHAR(100) NOT NULL,
  `abstract` TEXT NOT NULL,
  `text` TEXT NOT NULL,
  `image` VARCHAR(20) NULL,
  `create_time` DATETIME NOT NULL,
  PRIMARY KEY (`id`))
ENGINE = InnoDB;


-- -----------------------------------------------------
-- Table `blog_7`.`comments`
-- -----------------------------------------------------
DROP TABLE IF EXISTS `blog_7`.`comments` ;

CREATE TABLE IF NOT EXISTS `blog_7`.`comments` (
  `id` INT NOT NULL AUTO_INCREMENT,
  `text` TEXT NULL,
  `active` TINYINT NULL DEFAULT NULL,
  `article_id` INT NOT NULL,
  `user_id` INT NOT NULL,
  `create_time` DATETIME NOT NULL,
  PRIMARY KEY (`id`),
  INDEX `fk_comments_articles1_idx` (`article_id` ASC),
  INDEX `fk_comments_users1_idx` (`user_id` ASC),
  CONSTRAINT `fk_comments_articles`
    FOREIGN KEY (`article_id`)
    REFERENCES `blog_7`.`articles` (`id`)
    ON DELETE CASCADE
    ON UPDATE CASCADE,
  CONSTRAINT `fk_comments_users`
    FOREIGN KEY (`user_id`)
    REFERENCES `blog_7`.`users` (`id`)
    ON DELETE CASCADE
    ON UPDATE CASCADE)
ENGINE = InnoDB;


-- -----------------------------------------------------
-- Table `blog_7`.`static_pages`
-- -----------------------------------------------------
DROP TABLE IF EXISTS `blog_7`.`static_pages` ;

CREATE TABLE IF NOT EXISTS `blog_7`.`static_pages` (
  `id` INT NOT NULL AUTO_INCREMENT,
  `active` TINYINT NULL,
  `title` VARCHAR(45) NOT NULL,
  `text` TEXT NOT NULL,
  PRIMARY KEY (`id`))
ENGINE = InnoDB;

SET SQL_MODE = '';
DROP USER IF EXISTS blog_admin;
SET SQL_MODE='ONLY_FULL_GROUP_BY,STRICT_TRANS_TABLES,NO_ZERO_IN_DATE,NO_ZERO_DATE,ERROR_FOR_DIVISION_BY_ZERO,NO_ENGINE_SUBSTITUTION';
CREATE USER 'blog_admin' IDENTIFIED BY 'blog_admin';

GRANT ALL ON `blog_7`.* TO 'blog_admin';

SET SQL_MODE=@OLD_SQL_MODE;
SET FOREIGN_KEY_CHECKS=@OLD_FOREIGN_KEY_CHECKS;
SET UNIQUE_CHECKS=@OLD_UNIQUE_CHECKS;

-- -----------------------------------------------------
-- Data for table `blog_7`.`users`
-- -----------------------------------------------------
START TRANSACTION;
USE `blog_7`;
INSERT INTO `blog_7`.`users` (`id`, `active`, `email`, `password_hash`, `name`, `image`, `about`) VALUES (1, 1, 'admin@test.ru', '$2y$10$U6Lb8oGbRiH9SchXq5I5nOWe4rgaS/n6q.hufxGs4dMUSD9BlltAe', 'Администратор', '1.png', 'test about');
INSERT INTO `blog_7`.`users` (`id`, `active`, `email`, `password_hash`, `name`, `image`, `about`) VALUES (2, 1, 'moderator@test.ru', '$2y$10$8Ku/Gaq.LcVPVPRSJmUVKuttyQO5kazYEkFDeiliJVc9RBc1QTPru', 'Модератор', NULL, NULL);
INSERT INTO `blog_7`.`users` (`id`, `active`, `email`, `password_hash`, `name`, `image`, `about`) VALUES (3, 1, 'user@test.ru', '$2y$10$K1xnFOF/M5qNEnLxIuRuA.psKDxwQ41cMdzPriRhzghLTNuTEilGm', 'Пользователь', NULL, NULL);

COMMIT;


-- -----------------------------------------------------
-- Data for table `blog_7`.`groups`
-- -----------------------------------------------------
START TRANSACTION;
USE `blog_7`;
INSERT INTO `blog_7`.`groups` (`id`, `name`, `description`) VALUES (1, 'admins', NULL);
INSERT INTO `blog_7`.`groups` (`id`, `name`, `description`) VALUES (2, 'authors', NULL);
INSERT INTO `blog_7`.`groups` (`id`, `name`, `description`) VALUES (3, 'users', NULL);

COMMIT;


-- -----------------------------------------------------
-- Data for table `blog_7`.`group_user`
-- -----------------------------------------------------
START TRANSACTION;
USE `blog_7`;
INSERT INTO `blog_7`.`group_user` (`user_id`, `group_id`) VALUES (1, 1);
INSERT INTO `blog_7`.`group_user` (`user_id`, `group_id`) VALUES (2, 2);
INSERT INTO `blog_7`.`group_user` (`user_id`, `group_id`) VALUES (3, 3);

COMMIT;


-- -----------------------------------------------------
-- Data for table `blog_7`.`subscribers`
-- -----------------------------------------------------
START TRANSACTION;
USE `blog_7`;
INSERT INTO `blog_7`.`subscribers` (`id`, `active`, `email`, `hash`) VALUES (1, 1, 'admin@test.ru', 'MGM0YzI4ODdlYzE1MWRjODFmMDgzMzZiOTVmNDEzOTA');
INSERT INTO `blog_7`.`subscribers` (`id`, `active`, `email`, `hash`) VALUES (2, 1, 'moderator@test.ru', 'NzQ2OTQ1OTNiMjczZmUwZTBkMjJiNmViOWRkZDgyN2E');
INSERT INTO `blog_7`.`subscribers` (`id`, `active`, `email`, `hash`) VALUES (3, 1, 'user@test.ru', 'ZDhmNGU0OGEzZTg4NjlmYWQ2NWVjN2UzMmVkMjRhMjA');

COMMIT;


-- -----------------------------------------------------
-- Data for table `blog_7`.`articles`
-- -----------------------------------------------------
START TRANSACTION;
USE `blog_7`;
INSERT INTO `blog_7`.`articles` (`id`, `active`, `title`, `abstract`, `text`, `image`, `create_time`) VALUES (2, 1, 'Название статьи 2', 'Lorem ipsum dolor sit amet, consectetur adipiscing elit, sed do eiusmod tempor incididunt ut labore et dolore magna aliqua. Ut enim ad minim veniam, quis nostrud exercitation ullamco laboris nisi ut aliquip ex ea commodo consequat. Duis aute irure dolor in reprehenderit in voluptate velit esse cillum dolore eu fugiat nulla pariatur. Excepteur sint occaecat cupidatat non proident, sunt in culpa qui officia deserunt mollit anim id est laborum.', 'Lorem ipsum dolor sit amet, consectetur adipiscing elit, sed do eiusmod tempor incididunt ut labore et dolore magna aliqua. Ut enim ad minim veniam, quis nostrud exercitation ullamco laboris nisi ut aliquip ex ea commodo consequat. Duis aute irure dolor in reprehenderit in voluptate velit esse cillum dolore eu fugiat nulla pariatur. Excepteur sint occaecat cupidatat non proident, sunt in culpa qui officia deserunt mollit anim id est laborum. Lorem ipsum dolor sit amet, consectetur adipiscing elit, sed do eiusmod tempor incididunt ut labore et dolore magna aliqua. Ut enim ad minim veniam, quis nostrud exercitation ullamco laboris nisi ut aliquip ex ea commodo consequat. Duis aute irure dolor in reprehenderit in voluptate velit esse cillum dolore eu fugiat nulla pariatur. Excepteur sint occaecat cupidatat non proident, sunt in culpa qui officia deserunt mollit anim id est laborum. Lorem ipsum dolor sit amet, consectetur adipiscing elit, sed do eiusmod tempor incididunt ut labore et dolore magna aliqua. Ut enim ad minim veniam, quis nostrud exercitation ullamco laboris nisi ut aliquip ex ea commodo consequat. Duis aute irure dolor in reprehenderit in voluptate velit esse cillum dolore eu fugiat nulla pariatur. Excepteur sint occaecat cupidatat non proident, sunt in culpa qui officia deserunt mollit anim id est laborum.', '2.svg', '2019-08-28 11:00:00');
INSERT INTO `blog_7`.`articles` (`id`, `active`, `title`, `abstract`, `text`, `image`, `create_time`) VALUES (4, 1, 'Название статьи 4', 'Lorem ipsum dolor sit amet, consectetur adipiscing elit, sed do eiusmod tempor incididunt ut labore et dolore magna aliqua. Ut enim ad minim veniam, quis nostrud exercitation ullamco laboris nisi ut aliquip ex ea commodo consequat. Duis aute irure dolor in reprehenderit in voluptate velit esse cillum dolore eu fugiat nulla pariatur. Excepteur sint occaecat cupidatat non proident, sunt in culpa qui officia deserunt mollit anim id est laborum.', 'Lorem ipsum dolor sit amet, consectetur adipiscing elit, sed do eiusmod tempor incididunt ut labore et dolore magna aliqua. Ut enim ad minim veniam, quis nostrud exercitation ullamco laboris nisi ut aliquip ex ea commodo consequat. Duis aute irure dolor in reprehenderit in voluptate velit esse cillum dolore eu fugiat nulla pariatur. Excepteur sint occaecat cupidatat non proident, sunt in culpa qui officia deserunt mollit anim id est laborum. Lorem ipsum dolor sit amet, consectetur adipiscing elit, sed do eiusmod tempor incididunt ut labore et dolore magna aliqua. Ut enim ad minim veniam, quis nostrud exercitation ullamco laboris nisi ut aliquip ex ea commodo consequat. Duis aute irure dolor in reprehenderit in voluptate velit esse cillum dolore eu fugiat nulla pariatur. Excepteur sint occaecat cupidatat non proident, sunt in culpa qui officia deserunt mollit anim id est laborum. Lorem ipsum dolor sit amet, consectetur adipiscing elit, sed do eiusmod tempor incididunt ut labore et dolore magna aliqua. Ut enim ad minim veniam, quis nostrud exercitation ullamco laboris nisi ut aliquip ex ea commodo consequat. Duis aute irure dolor in reprehenderit in voluptate velit esse cillum dolore eu fugiat nulla pariatur. Excepteur sint occaecat cupidatat non proident, sunt in culpa qui officia deserunt mollit anim id est laborum.', '4.svg', '2019-08-28 12:00:00');
INSERT INTO `blog_7`.`articles` (`id`, `active`, `title`, `abstract`, `text`, `image`, `create_time`) VALUES (5, 0, 'Название статьи 5', 'Lorem ipsum dolor sit amet, consectetur adipiscing elit, sed do eiusmod tempor incididunt ut labore et dolore magna aliqua. Ut enim ad minim veniam, quis nostrud exercitation ullamco laboris nisi ut aliquip ex ea commodo consequat. Duis aute irure dolor in reprehenderit in voluptate velit esse cillum dolore eu fugiat nulla pariatur. Excepteur sint occaecat cupidatat non proident, sunt in culpa qui officia deserunt mollit anim id est laborum.', 'Lorem ipsum dolor sit amet, consectetur adipiscing elit, sed do eiusmod tempor incididunt ut labore et dolore magna aliqua. Ut enim ad minim veniam, quis nostrud exercitation ullamco laboris nisi ut aliquip ex ea commodo consequat. Duis aute irure dolor in reprehenderit in voluptate velit esse cillum dolore eu fugiat nulla pariatur. Excepteur sint occaecat cupidatat non proident, sunt in culpa qui officia deserunt mollit anim id est laborum. Lorem ipsum dolor sit amet, consectetur adipiscing elit, sed do eiusmod tempor incididunt ut labore et dolore magna aliqua. Ut enim ad minim veniam, quis nostrud exercitation ullamco laboris nisi ut aliquip ex ea commodo consequat. Duis aute irure dolor in reprehenderit in voluptate velit esse cillum dolore eu fugiat nulla pariatur. Excepteur sint occaecat cupidatat non proident, sunt in culpa qui officia deserunt mollit anim id est laborum. Lorem ipsum dolor sit amet, consectetur adipiscing elit, sed do eiusmod tempor incididunt ut labore et dolore magna aliqua. Ut enim ad minim veniam, quis nostrud exercitation ullamco laboris nisi ut aliquip ex ea commodo consequat. Duis aute irure dolor in reprehenderit in voluptate velit esse cillum dolore eu fugiat nulla pariatur. Excepteur sint occaecat cupidatat non proident, sunt in culpa qui officia deserunt mollit anim id est laborum.', '5.svg', '2019-08-28 13:00:00');
INSERT INTO `blog_7`.`articles` (`id`, `active`, `title`, `abstract`, `text`, `image`, `create_time`) VALUES (6, 1, 'Название статьи 6', 'Lorem ipsum dolor sit amet, consectetur adipiscing elit, sed do eiusmod tempor incididunt ut labore et dolore magna aliqua. Ut enim ad minim veniam, quis nostrud exercitation ullamco laboris nisi ut aliquip ex ea commodo consequat. Duis aute irure dolor in reprehenderit in voluptate velit esse cillum dolore eu fugiat nulla pariatur. Excepteur sint occaecat cupidatat non proident, sunt in culpa qui officia deserunt mollit anim id est laborum.', 'Lorem ipsum dolor sit amet, consectetur adipiscing elit, sed do eiusmod tempor incididunt ut labore et dolore magna aliqua. Ut enim ad minim veniam, quis nostrud exercitation ullamco laboris nisi ut aliquip ex ea commodo consequat. Duis aute irure dolor in reprehenderit in voluptate velit esse cillum dolore eu fugiat nulla pariatur. Excepteur sint occaecat cupidatat non proident, sunt in culpa qui officia deserunt mollit anim id est laborum. Lorem ipsum dolor sit amet, consectetur adipiscing elit, sed do eiusmod tempor incididunt ut labore et dolore magna aliqua. Ut enim ad minim veniam, quis nostrud exercitation ullamco laboris nisi ut aliquip ex ea commodo consequat. Duis aute irure dolor in reprehenderit in voluptate velit esse cillum dolore eu fugiat nulla pariatur. Excepteur sint occaecat cupidatat non proident, sunt in culpa qui officia deserunt mollit anim id est laborum. Lorem ipsum dolor sit amet, consectetur adipiscing elit, sed do eiusmod tempor incididunt ut labore et dolore magna aliqua. Ut enim ad minim veniam, quis nostrud exercitation ullamco laboris nisi ut aliquip ex ea commodo consequat. Duis aute irure dolor in reprehenderit in voluptate velit esse cillum dolore eu fugiat nulla pariatur. Excepteur sint occaecat cupidatat non proident, sunt in culpa qui officia deserunt mollit anim id est laborum.', '6.svg', '2019-08-28 14:00:00');
INSERT INTO `blog_7`.`articles` (`id`, `active`, `title`, `abstract`, `text`, `image`, `create_time`) VALUES (7, 1, 'Название статьи 7', 'Lorem ipsum dolor sit amet, consectetur adipiscing elit, sed do eiusmod tempor incididunt ut labore et dolore magna aliqua. Ut enim ad minim veniam, quis nostrud exercitation ullamco laboris nisi ut aliquip ex ea commodo consequat. Duis aute irure dolor in reprehenderit in voluptate velit esse cillum dolore eu fugiat nulla pariatur. Excepteur sint occaecat cupidatat non proident, sunt in culpa qui officia deserunt mollit anim id est laborum.', 'Lorem ipsum dolor sit amet, consectetur adipiscing elit, sed do eiusmod tempor incididunt ut labore et dolore magna aliqua. Ut enim ad minim veniam, quis nostrud exercitation ullamco laboris nisi ut aliquip ex ea commodo consequat. Duis aute irure dolor in reprehenderit in voluptate velit esse cillum dolore eu fugiat nulla pariatur. Excepteur sint occaecat cupidatat non proident, sunt in culpa qui officia deserunt mollit anim id est laborum. Lorem ipsum dolor sit amet, consectetur adipiscing elit, sed do eiusmod tempor incididunt ut labore et dolore magna aliqua. Ut enim ad minim veniam, quis nostrud exercitation ullamco laboris nisi ut aliquip ex ea commodo consequat. Duis aute irure dolor in reprehenderit in voluptate velit esse cillum dolore eu fugiat nulla pariatur. Excepteur sint occaecat cupidatat non proident, sunt in culpa qui officia deserunt mollit anim id est laborum. Lorem ipsum dolor sit amet, consectetur adipiscing elit, sed do eiusmod tempor incididunt ut labore et dolore magna aliqua. Ut enim ad minim veniam, quis nostrud exercitation ullamco laboris nisi ut aliquip ex ea commodo consequat. Duis aute irure dolor in reprehenderit in voluptate velit esse cillum dolore eu fugiat nulla pariatur. Excepteur sint occaecat cupidatat non proident, sunt in culpa qui officia deserunt mollit anim id est laborum.', '7.svg', '2019-08-28 15:00:00');
INSERT INTO `blog_7`.`articles` (`id`, `active`, `title`, `abstract`, `text`, `image`, `create_time`) VALUES (8, 1, 'Название статьи 8', 'Lorem ipsum dolor sit amet, consectetur adipiscing elit, sed do eiusmod tempor incididunt ut labore et dolore magna aliqua. Ut enim ad minim veniam, quis nostrud exercitation ullamco laboris nisi ut aliquip ex ea commodo consequat. Duis aute irure dolor in reprehenderit in voluptate velit esse cillum dolore eu fugiat nulla pariatur. Excepteur sint occaecat cupidatat non proident, sunt in culpa qui officia deserunt mollit anim id est laborum.', 'Lorem ipsum dolor sit amet, consectetur adipiscing elit, sed do eiusmod tempor incididunt ut labore et dolore magna aliqua. Ut enim ad minim veniam, quis nostrud exercitation ullamco laboris nisi ut aliquip ex ea commodo consequat. Duis aute irure dolor in reprehenderit in voluptate velit esse cillum dolore eu fugiat nulla pariatur. Excepteur sint occaecat cupidatat non proident, sunt in culpa qui officia deserunt mollit anim id est laborum. Lorem ipsum dolor sit amet, consectetur adipiscing elit, sed do eiusmod tempor incididunt ut labore et dolore magna aliqua. Ut enim ad minim veniam, quis nostrud exercitation ullamco laboris nisi ut aliquip ex ea commodo consequat. Duis aute irure dolor in reprehenderit in voluptate velit esse cillum dolore eu fugiat nulla pariatur. Excepteur sint occaecat cupidatat non proident, sunt in culpa qui officia deserunt mollit anim id est laborum. Lorem ipsum dolor sit amet, consectetur adipiscing elit, sed do eiusmod tempor incididunt ut labore et dolore magna aliqua. Ut enim ad minim veniam, quis nostrud exercitation ullamco laboris nisi ut aliquip ex ea commodo consequat. Duis aute irure dolor in reprehenderit in voluptate velit esse cillum dolore eu fugiat nulla pariatur. Excepteur sint occaecat cupidatat non proident, sunt in culpa qui officia deserunt mollit anim id est laborum.', '8.svg', '2019-08-28 16:00:00');
INSERT INTO `blog_7`.`articles` (`id`, `active`, `title`, `abstract`, `text`, `image`, `create_time`) VALUES (9, 1, 'Название статьи 9', 'Lorem ipsum dolor sit amet, consectetur adipiscing elit, sed do eiusmod tempor incididunt ut labore et dolore magna aliqua. Ut enim ad minim veniam, quis nostrud exercitation ullamco laboris nisi ut aliquip ex ea commodo consequat. Duis aute irure dolor in reprehenderit in voluptate velit esse cillum dolore eu fugiat nulla pariatur. Excepteur sint occaecat cupidatat non proident, sunt in culpa qui officia deserunt mollit anim id est laborum.', 'Lorem ipsum dolor sit amet, consectetur adipiscing elit, sed do eiusmod tempor incididunt ut labore et dolore magna aliqua. Ut enim ad minim veniam, quis nostrud exercitation ullamco laboris nisi ut aliquip ex ea commodo consequat. Duis aute irure dolor in reprehenderit in voluptate velit esse cillum dolore eu fugiat nulla pariatur. Excepteur sint occaecat cupidatat non proident, sunt in culpa qui officia deserunt mollit anim id est laborum. Lorem ipsum dolor sit amet, consectetur adipiscing elit, sed do eiusmod tempor incididunt ut labore et dolore magna aliqua. Ut enim ad minim veniam, quis nostrud exercitation ullamco laboris nisi ut aliquip ex ea commodo consequat. Duis aute irure dolor in reprehenderit in voluptate velit esse cillum dolore eu fugiat nulla pariatur. Excepteur sint occaecat cupidatat non proident, sunt in culpa qui officia deserunt mollit anim id est laborum. Lorem ipsum dolor sit amet, consectetur adipiscing elit, sed do eiusmod tempor incididunt ut labore et dolore magna aliqua. Ut enim ad minim veniam, quis nostrud exercitation ullamco laboris nisi ut aliquip ex ea commodo consequat. Duis aute irure dolor in reprehenderit in voluptate velit esse cillum dolore eu fugiat nulla pariatur. Excepteur sint occaecat cupidatat non proident, sunt in culpa qui officia deserunt mollit anim id est laborum.', '9.svg', '2019-08-28 17:00:00');
INSERT INTO `blog_7`.`articles` (`id`, `active`, `title`, `abstract`, `text`, `image`, `create_time`) VALUES (10, 1, 'Название статьи 10', 'Lorem ipsum dolor sit amet, consectetur adipiscing elit, sed do eiusmod tempor incididunt ut labore et dolore magna aliqua. Ut enim ad minim veniam, quis nostrud exercitation ullamco laboris nisi ut aliquip ex ea commodo consequat. Duis aute irure dolor in reprehenderit in voluptate velit esse cillum dolore eu fugiat nulla pariatur. Excepteur sint occaecat cupidatat non proident, sunt in culpa qui officia deserunt mollit anim id est laborum.', 'Lorem ipsum dolor sit amet, consectetur adipiscing elit, sed do eiusmod tempor incididunt ut labore et dolore magna aliqua. Ut enim ad minim veniam, quis nostrud exercitation ullamco laboris nisi ut aliquip ex ea commodo consequat. Duis aute irure dolor in reprehenderit in voluptate velit esse cillum dolore eu fugiat nulla pariatur. Excepteur sint occaecat cupidatat non proident, sunt in culpa qui officia deserunt mollit anim id est laborum. Lorem ipsum dolor sit amet, consectetur adipiscing elit, sed do eiusmod tempor incididunt ut labore et dolore magna aliqua. Ut enim ad minim veniam, quis nostrud exercitation ullamco laboris nisi ut aliquip ex ea commodo consequat. Duis aute irure dolor in reprehenderit in voluptate velit esse cillum dolore eu fugiat nulla pariatur. Excepteur sint occaecat cupidatat non proident, sunt in culpa qui officia deserunt mollit anim id est laborum. Lorem ipsum dolor sit amet, consectetur adipiscing elit, sed do eiusmod tempor incididunt ut labore et dolore magna aliqua. Ut enim ad minim veniam, quis nostrud exercitation ullamco laboris nisi ut aliquip ex ea commodo consequat. Duis aute irure dolor in reprehenderit in voluptate velit esse cillum dolore eu fugiat nulla pariatur. Excepteur sint occaecat cupidatat non proident, sunt in culpa qui officia deserunt mollit anim id est laborum.', '10.svg', '2019-08-28 18:00:00');
INSERT INTO `blog_7`.`articles` (`id`, `active`, `title`, `abstract`, `text`, `image`, `create_time`) VALUES (11, 1, 'Название статьи 11', 'Lorem ipsum dolor sit amet, consectetur adipiscing elit, sed do eiusmod tempor incididunt ut labore et dolore magna aliqua. Ut enim ad minim veniam, quis nostrud exercitation ullamco laboris nisi ut aliquip ex ea commodo consequat. Duis aute irure dolor in reprehenderit in voluptate velit esse cillum dolore eu fugiat nulla pariatur. Excepteur sint occaecat cupidatat non proident, sunt in culpa qui officia deserunt mollit anim id est laborum.', 'Lorem ipsum dolor sit amet, consectetur adipiscing elit, sed do eiusmod tempor incididunt ut labore et dolore magna aliqua. Ut enim ad minim veniam, quis nostrud exercitation ullamco laboris nisi ut aliquip ex ea commodo consequat. Duis aute irure dolor in reprehenderit in voluptate velit esse cillum dolore eu fugiat nulla pariatur. Excepteur sint occaecat cupidatat non proident, sunt in culpa qui officia deserunt mollit anim id est laborum. Lorem ipsum dolor sit amet, consectetur adipiscing elit, sed do eiusmod tempor incididunt ut labore et dolore magna aliqua. Ut enim ad minim veniam, quis nostrud exercitation ullamco laboris nisi ut aliquip ex ea commodo consequat. Duis aute irure dolor in reprehenderit in voluptate velit esse cillum dolore eu fugiat nulla pariatur. Excepteur sint occaecat cupidatat non proident, sunt in culpa qui officia deserunt mollit anim id est laborum. Lorem ipsum dolor sit amet, consectetur adipiscing elit, sed do eiusmod tempor incididunt ut labore et dolore magna aliqua. Ut enim ad minim veniam, quis nostrud exercitation ullamco laboris nisi ut aliquip ex ea commodo consequat. Duis aute irure dolor in reprehenderit in voluptate velit esse cillum dolore eu fugiat nulla pariatur. Excepteur sint occaecat cupidatat non proident, sunt in culpa qui officia deserunt mollit anim id est laborum.', '11.svg', '2019-08-28 19:00:00');
INSERT INTO `blog_7`.`articles` (`id`, `active`, `title`, `abstract`, `text`, `image`, `create_time`) VALUES (12, 1, 'Название статьи 12', 'Lorem ipsum dolor sit amet, consectetur adipiscing elit, sed do eiusmod tempor incididunt ut labore et dolore magna aliqua. Ut enim ad minim veniam, quis nostrud exercitation ullamco laboris nisi ut aliquip ex ea commodo consequat. Duis aute irure dolor in reprehenderit in voluptate velit esse cillum dolore eu fugiat nulla pariatur. Excepteur sint occaecat cupidatat non proident, sunt in culpa qui officia deserunt mollit anim id est laborum.', 'Lorem ipsum dolor sit amet, consectetur adipiscing elit, sed do eiusmod tempor incididunt ut labore et dolore magna aliqua. Ut enim ad minim veniam, quis nostrud exercitation ullamco laboris nisi ut aliquip ex ea commodo consequat. Duis aute irure dolor in reprehenderit in voluptate velit esse cillum dolore eu fugiat nulla pariatur. Excepteur sint occaecat cupidatat non proident, sunt in culpa qui officia deserunt mollit anim id est laborum. Lorem ipsum dolor sit amet, consectetur adipiscing elit, sed do eiusmod tempor incididunt ut labore et dolore magna aliqua. Ut enim ad minim veniam, quis nostrud exercitation ullamco laboris nisi ut aliquip ex ea commodo consequat. Duis aute irure dolor in reprehenderit in voluptate velit esse cillum dolore eu fugiat nulla pariatur. Excepteur sint occaecat cupidatat non proident, sunt in culpa qui officia deserunt mollit anim id est laborum. Lorem ipsum dolor sit amet, consectetur adipiscing elit, sed do eiusmod tempor incididunt ut labore et dolore magna aliqua. Ut enim ad minim veniam, quis nostrud exercitation ullamco laboris nisi ut aliquip ex ea commodo consequat. Duis aute irure dolor in reprehenderit in voluptate velit esse cillum dolore eu fugiat nulla pariatur. Excepteur sint occaecat cupidatat non proident, sunt in culpa qui officia deserunt mollit anim id est laborum.', '12.svg', '2019-08-28 20:00:00');
INSERT INTO `blog_7`.`articles` (`id`, `active`, `title`, `abstract`, `text`, `image`, `create_time`) VALUES (13, 1, 'Название статьи 13', 'Lorem ipsum dolor sit amet, consectetur adipiscing elit, sed do eiusmod tempor incididunt ut labore et dolore magna aliqua. Ut enim ad minim veniam, quis nostrud exercitation ullamco laboris nisi ut aliquip ex ea commodo consequat. Duis aute irure dolor in reprehenderit in voluptate velit esse cillum dolore eu fugiat nulla pariatur. Excepteur sint occaecat cupidatat non proident, sunt in culpa qui officia deserunt mollit anim id est laborum.', 'Lorem ipsum dolor sit amet, consectetur adipiscing elit, sed do eiusmod tempor incididunt ut labore et dolore magna aliqua. Ut enim ad minim veniam, quis nostrud exercitation ullamco laboris nisi ut aliquip ex ea commodo consequat. Duis aute irure dolor in reprehenderit in voluptate velit esse cillum dolore eu fugiat nulla pariatur. Excepteur sint occaecat cupidatat non proident, sunt in culpa qui officia deserunt mollit anim id est laborum. Lorem ipsum dolor sit amet, consectetur adipiscing elit, sed do eiusmod tempor incididunt ut labore et dolore magna aliqua. Ut enim ad minim veniam, quis nostrud exercitation ullamco laboris nisi ut aliquip ex ea commodo consequat. Duis aute irure dolor in reprehenderit in voluptate velit esse cillum dolore eu fugiat nulla pariatur. Excepteur sint occaecat cupidatat non proident, sunt in culpa qui officia deserunt mollit anim id est laborum. Lorem ipsum dolor sit amet, consectetur adipiscing elit, sed do eiusmod tempor incididunt ut labore et dolore magna aliqua. Ut enim ad minim veniam, quis nostrud exercitation ullamco laboris nisi ut aliquip ex ea commodo consequat. Duis aute irure dolor in reprehenderit in voluptate velit esse cillum dolore eu fugiat nulla pariatur. Excepteur sint occaecat cupidatat non proident, sunt in culpa qui officia deserunt mollit anim id est laborum.', '13.svg', '2019-08-28 21:00:00');
INSERT INTO `blog_7`.`articles` (`id`, `active`, `title`, `abstract`, `text`, `image`, `create_time`) VALUES (14, 1, 'Название статьи 14', 'Lorem ipsum dolor sit amet, consectetur adipiscing elit, sed do eiusmod tempor incididunt ut labore et dolore magna aliqua. Ut enim ad minim veniam, quis nostrud exercitation ullamco laboris nisi ut aliquip ex ea commodo consequat. Duis aute irure dolor in reprehenderit in voluptate velit esse cillum dolore eu fugiat nulla pariatur. Excepteur sint occaecat cupidatat non proident, sunt in culpa qui officia deserunt mollit anim id est laborum.', 'Lorem ipsum dolor sit amet, consectetur adipiscing elit, sed do eiusmod tempor incididunt ut labore et dolore magna aliqua. Ut enim ad minim veniam, quis nostrud exercitation ullamco laboris nisi ut aliquip ex ea commodo consequat. Duis aute irure dolor in reprehenderit in voluptate velit esse cillum dolore eu fugiat nulla pariatur. Excepteur sint occaecat cupidatat non proident, sunt in culpa qui officia deserunt mollit anim id est laborum. Lorem ipsum dolor sit amet, consectetur adipiscing elit, sed do eiusmod tempor incididunt ut labore et dolore magna aliqua. Ut enim ad minim veniam, quis nostrud exercitation ullamco laboris nisi ut aliquip ex ea commodo consequat. Duis aute irure dolor in reprehenderit in voluptate velit esse cillum dolore eu fugiat nulla pariatur. Excepteur sint occaecat cupidatat non proident, sunt in culpa qui officia deserunt mollit anim id est laborum. Lorem ipsum dolor sit amet, consectetur adipiscing elit, sed do eiusmod tempor incididunt ut labore et dolore magna aliqua. Ut enim ad minim veniam, quis nostrud exercitation ullamco laboris nisi ut aliquip ex ea commodo consequat. Duis aute irure dolor in reprehenderit in voluptate velit esse cillum dolore eu fugiat nulla pariatur. Excepteur sint occaecat cupidatat non proident, sunt in culpa qui officia deserunt mollit anim id est laborum.', '14.svg', '2019-08-28 22:00:00');
INSERT INTO `blog_7`.`articles` (`id`, `active`, `title`, `abstract`, `text`, `image`, `create_time`) VALUES (17, 1, 'Название статьи 17', 'Lorem ipsum dolor sit amet, consectetur adipiscing elit, sed do eiusmod tempor incididunt ut labore et dolore magna aliqua. Ut enim ad minim veniam, quis nostrud exercitation ullamco laboris nisi ut aliquip ex ea commodo consequat. Duis aute irure dolor in reprehenderit in voluptate velit esse cillum dolore eu fugiat nulla pariatur. Excepteur sint occaecat cupidatat non proident, sunt in culpa qui officia deserunt mollit anim id est laborum.', 'Lorem ipsum dolor sit amet, consectetur adipiscing elit, sed do eiusmod tempor incididunt ut labore et dolore magna aliqua. Ut enim ad minim veniam, quis nostrud exercitation ullamco laboris nisi ut aliquip ex ea commodo consequat. Duis aute irure dolor in reprehenderit in voluptate velit esse cillum dolore eu fugiat nulla pariatur. Excepteur sint occaecat cupidatat non proident, sunt in culpa qui officia deserunt mollit anim id est laborum. Lorem ipsum dolor sit amet, consectetur adipiscing elit, sed do eiusmod tempor incididunt ut labore et dolore magna aliqua. Ut enim ad minim veniam, quis nostrud exercitation ullamco laboris nisi ut aliquip ex ea commodo consequat. Duis aute irure dolor in reprehenderit in voluptate velit esse cillum dolore eu fugiat nulla pariatur. Excepteur sint occaecat cupidatat non proident, sunt in culpa qui officia deserunt mollit anim id est laborum. Lorem ipsum dolor sit amet, consectetur adipiscing elit, sed do eiusmod tempor incididunt ut labore et dolore magna aliqua. Ut enim ad minim veniam, quis nostrud exercitation ullamco laboris nisi ut aliquip ex ea commodo consequat. Duis aute irure dolor in reprehenderit in voluptate velit esse cillum dolore eu fugiat nulla pariatur. Excepteur sint occaecat cupidatat non proident, sunt in culpa qui officia deserunt mollit anim id est laborum.', '17.jpg', '2019-08-28 23:00:00');

COMMIT;


-- -----------------------------------------------------
-- Data for table `blog_7`.`comments`
-- -----------------------------------------------------
START TRANSACTION;
USE `blog_7`;
INSERT INTO `blog_7`.`comments` (`id`, `text`, `active`, `article_id`, `user_id`, `create_time`) VALUES (1, 'text 1', 1, 2, 1, '2019-08-28 12:00:00');
INSERT INTO `blog_7`.`comments` (`id`, `text`, `active`, `article_id`, `user_id`, `create_time`) VALUES (2, 'text 2', 1, 2, 2, '2019-08-28 13:00:00');
INSERT INTO `blog_7`.`comments` (`id`, `text`, `active`, `article_id`, `user_id`, `create_time`) VALUES (3, 'text 3', 0, 2, 3, '2019-08-28 13:00:00');
INSERT INTO `blog_7`.`comments` (`id`, `text`, `active`, `article_id`, `user_id`, `create_time`) VALUES (4, 'text 1', 1, 2, 1, '2019-08-28 14:00:00');
INSERT INTO `blog_7`.`comments` (`id`, `text`, `active`, `article_id`, `user_id`, `create_time`) VALUES (5, 'text 2', 1, 2, 2, '2019-08-28 15:00:00');
INSERT INTO `blog_7`.`comments` (`id`, `text`, `active`, `article_id`, `user_id`, `create_time`) VALUES (6, 'text 3', 1, 2, 3, '2019-08-28 16:00:00');
INSERT INTO `blog_7`.`comments` (`id`, `text`, `active`, `article_id`, `user_id`, `create_time`) VALUES (7, 'text 1', 1, 2, 1, '2019-08-28 17:00:00');
INSERT INTO `blog_7`.`comments` (`id`, `text`, `active`, `article_id`, `user_id`, `create_time`) VALUES (8, 'text 2', 1, 2, 2, '2019-08-28 18:00:00');
INSERT INTO `blog_7`.`comments` (`id`, `text`, `active`, `article_id`, `user_id`, `create_time`) VALUES (9, 'text 3', 1, 2, 3, '2019-08-28 19:00:00');
INSERT INTO `blog_7`.`comments` (`id`, `text`, `active`, `article_id`, `user_id`, `create_time`) VALUES (10, 'text 1', 1, 4, 1, '2019-08-28 12:00:00');
INSERT INTO `blog_7`.`comments` (`id`, `text`, `active`, `article_id`, `user_id`, `create_time`) VALUES (11, 'text 2', 1, 4, 2, '2019-08-28 13:00:00');
INSERT INTO `blog_7`.`comments` (`id`, `text`, `active`, `article_id`, `user_id`, `create_time`) VALUES (12, 'text 3', 1, 4, 3, '2019-08-28 13:00:00');
INSERT INTO `blog_7`.`comments` (`id`, `text`, `active`, `article_id`, `user_id`, `create_time`) VALUES (13, 'text 1', 1, 6, 1, '2019-08-28 12:00:00');
INSERT INTO `blog_7`.`comments` (`id`, `text`, `active`, `article_id`, `user_id`, `create_time`) VALUES (14, 'text 2', 1, 6, 2, '2019-08-28 13:00:00');
INSERT INTO `blog_7`.`comments` (`id`, `text`, `active`, `article_id`, `user_id`, `create_time`) VALUES (15, 'text 3', 1, 6, 3, '2019-08-28 13:00:00');
INSERT INTO `blog_7`.`comments` (`id`, `text`, `active`, `article_id`, `user_id`, `create_time`) VALUES (16, 'text 1', 1, 7, 1, '2019-08-28 12:00:00');
INSERT INTO `blog_7`.`comments` (`id`, `text`, `active`, `article_id`, `user_id`, `create_time`) VALUES (17, 'text 2', 1, 7, 2, '2019-08-28 13:00:00');
INSERT INTO `blog_7`.`comments` (`id`, `text`, `active`, `article_id`, `user_id`, `create_time`) VALUES (18, 'text 3', 1, 7, 3, '2019-08-28 13:00:00');
INSERT INTO `blog_7`.`comments` (`id`, `text`, `active`, `article_id`, `user_id`, `create_time`) VALUES (19, 'text 1', 1, 8, 1, '2019-08-28 12:00:00');
INSERT INTO `blog_7`.`comments` (`id`, `text`, `active`, `article_id`, `user_id`, `create_time`) VALUES (20, 'text 2', 1, 8, 2, '2019-08-28 13:00:00');
INSERT INTO `blog_7`.`comments` (`id`, `text`, `active`, `article_id`, `user_id`, `create_time`) VALUES (21, 'text 3', 1, 8, 3, '2019-08-28 13:00:00');
INSERT INTO `blog_7`.`comments` (`id`, `text`, `active`, `article_id`, `user_id`, `create_time`) VALUES (22, 'text 1', 1, 9, 1, '2019-08-28 12:00:00');
INSERT INTO `blog_7`.`comments` (`id`, `text`, `active`, `article_id`, `user_id`, `create_time`) VALUES (23, 'text 2', 1, 9, 2, '2019-08-28 13:00:00');
INSERT INTO `blog_7`.`comments` (`id`, `text`, `active`, `article_id`, `user_id`, `create_time`) VALUES (24, 'text 3', 1, 9, 3, '2019-08-28 13:00:00');

COMMIT;


-- -----------------------------------------------------
-- Data for table `blog_7`.`static_pages`
-- -----------------------------------------------------
START TRANSACTION;
USE `blog_7`;
INSERT INTO `blog_7`.`static_pages` (`id`, `active`, `title`, `text`) VALUES (1, 1, 'Правила cайта', '<ol>\n        <li>\n            Первое правило Lorem Ipsum is simply dummy text of the printing and typesetting industry. Lorem Ipsum has been the industry\'s standard dummy text ever since the\n            1500s, when an unknown printer took a galley of type and scrambled it to make a type specimen book. It has survived not only\n            five centuries, but also the leap into electronic typesetting, remaining essentially unchanged. It was popularised in the 1960s with the release\n            of Letraset sheets containing Lorem Ipsum passages, and more recently with desktop publishing software like Aldus PageMaker including versions of\n            Lorem Ipsum.\n        </li>\n        <li>\n            Второе правило Lorem Ipsum is simply dummy text of the printing and typesetting industry. Lorem Ipsum has been the industry\'s standard dummy text ever since the\n            1500s, when an unknown printer took a galley of type and scrambled it to make a type specimen book. It has survived not only\n            five centuries, but also the leap into electronic typesetting, remaining essentially unchanged. It was popularised in the 1960s with the release\n            of Letraset sheets containing Lorem Ipsum passages, and more recently with desktop publishing software like Aldus PageMaker including versions of\n            Lorem Ipsum.\n        </li>\n    </ol>');
INSERT INTO `blog_7`.`static_pages` (`id`, `active`, `title`, `text`) VALUES (2, 0, 'Неактиная страница', 'текст');

COMMIT;

